Nombre,Publicado,catalog_visibility,Parent,SKU,Disponibilidad,Precio regular:,En existencia,Tipo,Valores para el atributo 1,Nombre del atributo 1,Categories,Atributo 1 visible,Atributo 1 global,Images,_wpla_asin,_wc_cog_cost
Fidget Spinner,1,visible,,SPIN-001,,,,variable,"Negro,Blanco,Rojo,Rosa,Azul Marino,Naranja,Verde,Amarillo",Color,Gadgets,0,1,https://images-na.ssl-images-amazon.com/images/I/61cmRMvWfSL._SL1058_.jpg,,
Fidget Spinner,1,visible,SPIN-001,SPIN-001-1,20,150,1,variation,Negro,Color,Gadgets,0,1,https://images-na.ssl-images-amazon.com/images/I/61cmRMvWfSL._SL1058_.jpg,B01MS4TLMM,29.34
Fidget Spinner,1,visible,SPIN-001,SPIN-001-2,20,150,1,variation,Blanco,Color,Gadgets,0,1,https://images-na.ssl-images-amazon.com/images/I/61VNIh6DMHL._SL1000_.jpg,B06XGJF72C,29.34
Fidget Spinner,1,visible,SPIN-001,SPIN-001-3,20,150,1,variation,Rojo,Color,Gadgets,0,1,https://images-na.ssl-images-amazon.com/images/I/61DkZSBaQxL._SL1000_.jpg,B06XWVVW8N,29.34
Fidget Spinner,1,visible,SPIN-001,SPIN-001-4,20,150,1,variation,Rosa,Color,Gadgets,0,1,https://images-na.ssl-images-amazon.com/images/I/51vHeqUVN7L._SL1000_.jpg,B06XCVCBF2,29.34
Fidget Spinner,1,visible,SPIN-001,SPIN-001-5,15,150,1,variation,Azul Marino,Color,Gadgets,0,1,https://images-na.ssl-images-amazon.com/images/I/71WDf4MRhBL._SL1500_.jpg,B06ZZVZWF2,29.34
Fidget Spinner,1,visible,SPIN-001,SPIN-001-6,15,150,1,variation,Naranja,Color,Gadgets,0,1,https://images-na.ssl-images-amazon.com/images/I/61vOrDFIbjL._SL1200_.jpg,B072BY2W5M,29.34
Fidget Spinner,1,visible,SPIN-001,SPIN-001-7,15,150,1,variation,Verde,Color,Gadgets,0,1,https://images-na.ssl-images-amazon.com/images/I/51Zmt7ELTyL._SL1000_.jpg,B06XCFVZHG,29.34
Fidget Spinner,1,visible,SPIN-001,SPIN-001-8,15,150,1,variation,Amarillo,Color,Gadgets,0,1,https://images-na.ssl-images-amazon.com/images/I/51Z2eq5-lcL._SL1000_.jpg,B06XWV2PRC,29.34
Fidget Spinner UFO,1,visible,,SPIN-002,,,,variable,"Negro,Plata,Rosa,Dorado,Azul",Color,Gadgets,0,1,https://images-na.ssl-images-amazon.com/images/I/413oGJGqiyL.jpg,,
Fidget Spinner UFO,1,visible,SPIN-002,SPIN-002-1,5,250,1,variation,Negro,Color,Gadgets,0,1,https://images-na.ssl-images-amazon.com/images/I/413oGJGqiyL.jpg,B06XWSRNR1,53.32
Fidget Spinner UFO,1,visible,SPIN-002,SPIN-002-2,5,250,1,variation,Plata,Color,Gadgets,0,1,https://images-na.ssl-images-amazon.com/images/I/41lInZU1C-L.jpg,B06XSF2KBM,53.32
Fidget Spinner UFO,1,visible,SPIN-002,SPIN-002-3,5,250,1,variation,Rosa,Color,Gadgets,0,1,https://images-na.ssl-images-amazon.com/images/I/41oB-t3buPL.jpg,B06XWT6W82,53.32
Fidget Spinner UFO,1,visible,SPIN-002,SPIN-002-4,5,250,1,variation,Dorado,Color,Gadgets,0,1,https://images-na.ssl-images-amazon.com/images/I/51POWvuleGL.jpg,B06XSG2X28,53.32
Fidget Spinner UFO,1,visible,SPIN-002,SPIN-002-5,5,250,1,variation,Azul,Color,Gadgets,0,1,https://images-na.ssl-images-amazon.com/images/I/41265lu-grL.jpg,B06XWNZ3RL,53.32
Fidget Spinner Batman,1,visible,,SPIN-003,,,,variable,"Negro,Blanco,Rojo,Verde,Azul Marino",Color,Gadgets,0,1,https://images-na.ssl-images-amazon.com/images/I/31Q84cmLFKL.jpg,,
Fidget Spinner Batman,1,visible,SPIN-003,SPIN-003-1,15,200,1,variation,Negro,Color,Gadgets,0,1,https://images-na.ssl-images-amazon.com/images/I/31Q84cmLFKL.jpg,B06XZ1416S,38.57
Fidget Spinner Batman,1,visible,SPIN-003,SPIN-003-2,5,200,1,variation,Blanco,Color,Gadgets,0,1,https://images-na.ssl-images-amazon.com/images/I/51x4afXKiqL._SL1001_.jpg,B06XYZ8GS8,38.57
Fidget Spinner Batman,1,visible,SPIN-003,SPIN-003-3,5,200,1,variation,Rojo,Color,Gadgets,0,1,https://images-na.ssl-images-amazon.com/images/I/51tMubspTdL._SL1001_.jpg,B06XYTD7NV,38.57
Fidget Spinner Batman,1,visible,SPIN-003,SPIN-003-4,5,200,1,variation,Verde,Color,Gadgets,0,1,https://images-na.ssl-images-amazon.com/images/I/31alqVvOTKL.jpg,B06XYZ7V1Y,38.57
Fidget Spinner Batman,1,visible,SPIN-003,SPIN-003-5,5,200,1,variation,Azul Marino,Color,Gadgets,0,1,https://images-na.ssl-images-amazon.com/images/I/31PbJqjNtvL.jpg,B06XYN85ZN,38.57
Fidget Spinner Rueda,1,visible,,SPIN-004,5,450,1,simple,,,Gadgets,0,1,https://images-na.ssl-images-amazon.com/images/I/61rospZoSJL._SL1000_.jpg,B06XTQNCQ2,112.34
Fidget Spinner 6 Puntas Dorado,1,visible,,SPIN-005,5,400,1,simple,,,Gadgets,0,1,https://images-na.ssl-images-amazon.com/images/I/61B63EADEXL._SL1100_.jpg,B0732CDMPK,84.67
Fidget Spinner Tornasol,1,visible,,SPIN-006,10,400,1,simple,,,Gadgets,0,1,https://images-na.ssl-images-amazon.com/images/I/51jmcWIIVCL._SX425_.jpg,B071W6ZWGJ,88.11
Fidget Spinner 2 Aspas,1,visible,,SPIN-007,,,,variable,"Negro,Plata,Dorado,Azul,Rosa",Color,Gadgets,0,1,https://images-na.ssl-images-amazon.com/images/I/415HM6RtfrL._SL1047_.jpg,,
Fidget Spinner 2 Aspas,1,visible,SPIN-007,SPIN-007-1,3,250,1,variation,Negro,Color,Gadgets,0,1,https://images-na.ssl-images-amazon.com/images/I/415HM6RtfrL._SL1047_.jpg,B06XWCFNSP,60.7
Fidget Spinner 2 Aspas,1,visible,SPIN-007,SPIN-007-2,3,250,1,variation,Plata,Color,Gadgets,0,1,https://images-na.ssl-images-amazon.com/images/I/41FHl9Qwz9L._SL1022_.jpg,B06XWC7WLW,60.7
Fidget Spinner 2 Aspas,1,visible,SPIN-007,SPIN-007-3,2,250,1,variation,Dorado,Color,Gadgets,0,1,https://images-na.ssl-images-amazon.com/images/I/31FIKkHxRHL.jpg,B06XWDG89G,60.7
Fidget Spinner 2 Aspas,1,visible,SPIN-007,SPIN-007-4,2,250,1,variation,Azul,Color,Gadgets,0,1,https://images-na.ssl-images-amazon.com/images/I/41ydDKQe%2BTL._SL1069_.jpg,B06XVVZG9H,60.7
Fidget Spinner 2 Aspas,1,visible,SPIN-007,SPIN-007-5,2,250,1,variation,Rosa,Color,Gadgets,0,1,https://images-na.ssl-images-amazon.com/images/I/51o4u7nW80L._SL1043_.jpg,B06XWCG3ZL,60.7
Fidget Spinner 3 Aspas,1,visible,,SPIN-008,,,,variable,"Negro,Plata,Dorado,Azul,Rosa",Color,Gadgets,0,1,https://images-na.ssl-images-amazon.com/images/I/61cjqoA2NGL._SL1000_.jpg,,
Fidget Spinner 3 Aspas,1,visible,SPIN-008,SPIN-008-1,3,300,1,variation,Negro,Color,Gadgets,0,1,https://images-na.ssl-images-amazon.com/images/I/61cjqoA2NGL._SL1000_.jpg,B071HWVG6C,88.36
Fidget Spinner 3 Aspas,1,visible,SPIN-008,SPIN-008-2,2,300,1,variation,Plata,Color,Gadgets,0,1,https://images-na.ssl-images-amazon.com/images/I/61gG5DfPmDL._SL1000_.jpg,B072FJQMGQ,88.36
Fidget Spinner 3 Aspas,1,visible,SPIN-008,SPIN-008-3,2,300,1,variation,Dorado,Color,Gadgets,0,1,https://images-na.ssl-images-amazon.com/images/I/61Xitpr48PL._SL1000_.jpg,B072P18P59,88.36
Fidget Spinner 3 Aspas,1,visible,SPIN-008,SPIN-008-4,2,300,1,variation,Azul,Color,Gadgets,0,1,https://images-na.ssl-images-amazon.com/images/I/513DaEZI6TL._SL1001_.jpg,B071VZ7BN3,88.36
Fidget Spinner 3 Aspas,1,visible,SPIN-008,SPIN-008-5,2,300,1,variation,Rosa,Color,Gadgets,0,1,https://images-na.ssl-images-amazon.com/images/I/61GZ5zYsU2L._SL1000_.jpg,B072LNJJVS,88.36
Fidget Spinner Capitan America,1,visible,,SPIN-009,10,450,1,simple,,,Gadgets,0,1,https://images-na.ssl-images-amazon.com/images/I/61wMvyBGUnL._SL1000_.jpg,B071Z9GSV2,99.43
Fidget Spinner Iron Man,1,visible,,SPIN-010,10,450,1,simple,,,Gadgets,0,1,https://images-na.ssl-images-amazon.com/images/I/61DYyrfKSlL._SL1000_.jpg,B071VMCM73,117.87
Fidget Spinner Cangrejo,1,visible,,SPIN-011,,,,variable,"Negro,Plata,Azul,Rosa,Dorado",Color,Gadgets,0,1,https://images-na.ssl-images-amazon.com/images/I/61oYlkFtscL._SL1001_.jpg,,
Fidget Spinner Cangrejo,1,visible,SPIN-011,SPIN-011-1,3,300,1,variation,Negro,Color,Gadgets,0,1,https://images-na.ssl-images-amazon.com/images/I/51pbLYaIMKL._SL1001_.jpg,B071R5QKZC,77.3
Fidget Spinner Cangrejo,1,visible,SPIN-011,SPIN-011-2,3,300,1,variation,Plata,Color,Gadgets,0,1,https://images-na.ssl-images-amazon.com/images/I/61N5IbiBRiL._SL1001_.jpg,B06XTK1273,77.3
Fidget Spinner Cangrejo,1,visible,SPIN-011,SPIN-011-3,2,300,1,variation,Azul,Color,Gadgets,0,1,https://images-na.ssl-images-amazon.com/images/I/61MW3MW%2BkpL._SL1001_.jpg,B071R5RK7K,77.3
Fidget Spinner Cangrejo,1,visible,SPIN-011,SPIN-011-4,2,300,1,variation,Rosa,Color,Gadgets,0,1,https://images-na.ssl-images-amazon.com/images/I/61jgur2Sh5L._SL1001_.jpg,B071YZBXK1,77.3
Fidget Spinner Cangrejo,1,visible,SPIN-011,SPIN-011-5,2,300,1,variation,Dorado,Color,Gadgets,0,1,https://images-na.ssl-images-amazon.com/images/I/61oYlkFtscL._SL1001_.jpg,B06ZXZY3YG,77.3
Fidget Spinner Russia CKF,1,visible,,SPIN-012,,,,variable,"Negro,Plata,Dorado,Rosa",Color,Gadgets,0,1,https://images-na.ssl-images-amazon.com/images/I/61KRVWL2gjL._SL1010_.jpg,,
Fidget Spinner Russia CKF,1,visible,SPIN-012,SPIN-012-1,5,450,1,variation,Negro,Color,Gadgets,0,1,https://images-na.ssl-images-amazon.com/images/I/61KRVWL2gjL._SL1010_.jpg,B071D68KRQ,117.87
Fidget Spinner Russia CKF,1,visible,SPIN-012,SPIN-012-2,5,450,1,variation,Plata,Color,Gadgets,0,1,https://images-na.ssl-images-amazon.com/images/I/51SMJ5CZPxL.jpg,B071D68K38,117.87
Fidget Spinner Russia CKF,1,visible,SPIN-012,SPIN-012-3,3,450,1,variation,Dorado,Color,Gadgets,0,1,https://images-na.ssl-images-amazon.com/images/I/61ENNWw%2BCAL._SL1010_.jpg,B071XVHVPH,117.87
Fidget Spinner Russia CKF,1,visible,SPIN-012,SPIN-012-4,3,450,1,variation,Rosa,Color,Gadgets,0,1,https://images-na.ssl-images-amazon.com/images/I/613Sw9tNU7L._SL1010_.jpg,B071R4F2PV,117.87
Fidget Spinner Mate,1,visible,,SPIN-013,,,,variable,"Dorado,Rosa,Plata,Blanco,Azul Marino,Negro",Color,Gadgets,0,1,https://images-na.ssl-images-amazon.com/images/I/51qR4P5FOqL._SL1100_.jpg,,
Fidget Spinner Mate,1,visible,SPIN-013,SPIN-013-1,5,250,1,variation,Dorado,Color,Gadgets,0,1,https://images-na.ssl-images-amazon.com/images/I/61bgBDtU9kL._SL1100_.jpg,B0722RYW5N,73.61
Fidget Spinner Mate,1,visible,SPIN-013,SPIN-013-2,10,250,1,variation,Rosa,Color,Gadgets,0,1,https://images-na.ssl-images-amazon.com/images/I/61-j74UV8YL._SL1100_.jpg,B0725CQ33X,73.61
Fidget Spinner Mate,1,visible,SPIN-013,SPIN-013-3,5,250,1,variation,Plata,Color,Gadgets,0,1,https://images-na.ssl-images-amazon.com/images/I/51e1mKSwvaL._SL1100_.jpg,B071YWMHZR,73.61
Fidget Spinner Mate,1,visible,SPIN-013,SPIN-013-4,5,250,1,variation,Blanco,Color,Gadgets,0,1,https://images-na.ssl-images-amazon.com/images/I/51zDcgGOEnL._SL1100_.jpg,B071VG9L72,73.61
Fidget Spinner Mate,1,visible,SPIN-013,SPIN-013-5,5,250,1,variation,Azul Marino,Color,Gadgets,0,1,https://images-na.ssl-images-amazon.com/images/I/61c5QEPTZML._SL1100_.jpg,B071NPLKD8,73.61
Fidget Spinner Mate,1,visible,SPIN-013,SPIN-013-6,10,250,1,variation,Negro,Color,Gadgets,0,1,https://images-na.ssl-images-amazon.com/images/I/51qR4P5FOqL._SL1100_.jpg,B072BK2LHW,73.61
Fidget Spinner Metal,1,visible,,SPIN-014,,,,variable,"Negro,Plata,Dorado,Azul,Rosa",Color,Gadgets,0,1,https://images-na.ssl-images-amazon.com/images/I/61iZdURyARL._SL1001_.jpg,,
Fidget Spinner Metal,1,visible,SPIN-014,SPIN-014-1,10,300,1,variation,Negro,Color,Gadgets,0,1,https://images-na.ssl-images-amazon.com/images/I/51sgBnZ1gfL._SL1001_.jpg,B072HTBY82,95.74
Fidget Spinner Metal,1,visible,SPIN-014,SPIN-014-2,10,300,1,variation,Plata,Color,Gadgets,0,1,https://images-na.ssl-images-amazon.com/images/I/61o7FU6JcML._SL1001_.jpg,B072F7QBP5,95.74
Fidget Spinner Metal,1,visible,SPIN-014,SPIN-014-3,10,300,1,variation,Dorado,Color,Gadgets,0,1,https://images-na.ssl-images-amazon.com/images/I/61iZdURyARL._SL1001_.jpg,B07199127F,95.74
Fidget Spinner Metal,1,visible,SPIN-014,SPIN-014-4,10,300,1,variation,Azul,Color,Gadgets,0,1,https://images-na.ssl-images-amazon.com/images/I/61OUqe0%2BpXL._SL1001_.jpg,B072LF3HX7,95.74
Fidget Spinner Metal,1,visible,SPIN-014,SPIN-014-5,10,300,1,variation,Rosa,Color,Gadgets,0,1,https://images-na.ssl-images-amazon.com/images/I/618pdmG3G2L._SL1001_.jpg,B07174FQP4,95.74
Fidget Spinner Brillan en la Oscuridad,1,visible,,SPIN-015,,,,variable,"Negro,Plata,Dorado,Azul,Rosa",Color,Gadgets,0,1,,,
Fidget Spinner Brillan en la Oscuridad,1,visible,SPIN-015,SPIN-015-1,10,150,1,variation,Rojo,Color,Gadgets,0,1,,,31.19
Fidget Spinner Brillan en la Oscuridad,1,visible,SPIN-015,SPIN-015-2,10,150,1,variation,Azul,Color,Gadgets,0,1,,,31.19
Fidget Spinner Brillan en la Oscuridad,1,visible,SPIN-015,SPIN-015-3,10,150,1,variation,Verde,Color,Gadgets,0,1,,,31.19
Fidget Spinner Brillan en la Oscuridad,1,visible,SPIN-015,SPIN-015-4,5,150,1,variation,Rosa,Color,Gadgets,0,1,,,31.19
Fidget Spinner Brillan en la Oscuridad,1,visible,SPIN-015,SPIN-015-5,5,150,1,variation,Amarillo,Color,Gadgets,0,1,,,31.19
Fidget Spinner Playstation,1,visible,,SPIN-016,25,200,1,simple,,,Gadgets,0,1,https://images-na.ssl-images-amazon.com/images/I/61NXDd1JsvL._SL1100_.jpg,B072MTQWVC,51.48